OWCODE,ShortCompanyName,CountryName,TownName,Telephone,Telex,Facsimilie,Emailaddress,Website,FullName,FullAdress,CareOfCode,RoomFloorBuilding1,RoomFloorBuilding2,RoomFloorBuilding3,POBox,StreetNumber,Street,PrePostcode,PostPostcode,NationalityofRegistration,NationalityofControl,LocationCode,NationalityofRegistrationCode,NationalityofControlCode,LastChangeDate,parentCompany
"0002744","SEA 323 LEASING CO LTD","Belgium","Antwerp","+32 3 247 5911",,,"bocimar.operations@cmb.tech","https://www.cmb.tech","Sea 323 Leasing Co Ltd","C/O: Bocimar International NV De Gerlachekaai 20, 2000, Antwerp, Belgium.","1955404",,,,,"20,","De Gerlachekaai","2000",,"Hong Kong, China","China, People's Republic of","BLG","HKG","CHR","20251008","5805956"
"0002758","GREENC MARINE IRELAND LTD","Irish Republic","Killarney",,,,,,"Greenc Marine Ireland Ltd","Killarney Ireland.",,,,,,,,,,"Irish Republic",,"IRP","IRP",,"20250317",
"0002801","PROPERTY SHIPPING SA","Philippines","Manila",,,,"property@mailcomail.com",,"Property Shipping SA","Suite 24-25, Ground Floor, The Midland Plaza, Adriatico Street, Ermita, 1000, Manila, Philippines.",,"Suite 24-25,","Ground Floor,","The Midland Plaza,",,,"Adriatico Street, Ermita","1000",,"Liberia","Philippines","PHI","LIB","PHI","20250414",
"0002917","MARINA MERMAID LTD","Lebanon","Beirut","+961 81 99 1738",,,"marinamermaidltd@gmail.com",,"Marina Mermaid Ltd","Unit 802, 8th Floor, Mochakhas Building, Ain al-Mreiseh Street, Beirut, Lebanon.",,"Unit 802,","8th Floor,","Mochakhas Building,",,,"Ain al-Mreiseh Street",,,"Liberia",,"LEB","LIB",,"20241105",
"0002934","TIANJIN XINGRAN-I LEASING LTD","China, People's Republic of","Tianjin",,,,,,"Tianjin Xingran-I Leasing Ltd","Room 202, Office Area of Inspection, Warehouse, 6262, Aozhou Lu, Dongjiang Free Trade Port Zone, Tianjin Free Trade Zone, Tianjin, China.",,"Room 202,","Office Area of Inspection,","Warehouse,",,"6262,","Aozhou Lu, Dongjiang Free Trade Port Zone, Tianjin Free Trade Zone",,,"China, People's Republic of","China, People's Republic of","CHR","CHR","CHR","20251008","5528155"
"0002948","TIANJIN XINGRAN-II LEASING LTD","China, People's Republic of","Tianjin",,,,,,"Tianjin Xingran-II Leasing Ltd","Room 202, Office Area of Inspection, Warehouse, 6262, Aozhou Lu, Dongjiang Free Trade Port Zone, Tianjin Free Trade Zone, Tianjin, China.",,"Room 202,","Office Area of Inspection,","Warehouse,",,"6262,","Aozhou Lu, Dongjiang Free Trade Port Zone, Tianjin Free Trade Zone",,,"China, People's Republic of","China, People's Republic of","CHR","CHR","CHR","20251103","5528155"
"0002965","CAPELLA SA","Korea, South","Seoul","+82 23 706 5114",,,"gys@hmm21.com","https://www.hmm21.com","Capella SA","C/O: HMM Co Ltd 108, Yeoui-daero, Yeongdeungpo-gu, Seoul, 07335, South Korea.","0186314",,,,,"108,","Yeoui-daero, Yeongdeungpo-gu",," 07335,","Liberia","Korea, South","KRS","LIB","KRS","20251008","0834896"
"0002982","BURLEY C","United Kingdom","Sittingbourne",,,,,,"C Burley Ltd","Sittingbourne, United Kingdom.",,,,,,,,,,"United Kingdom",,"GBI","GBI",,"20240709",
"0002996","BUSBY CC","United Kingdom","Bexleyheath",,,,,,"C C Busby","50, Hollingsbourne Avenue, Bexleyheath, Kent, DA7 5ET, United Kingdom.",,,,,,"50,","Hollingsbourne Avenue",," DA7 5ET,","United Kingdom",,"GBI","GBI",,"20240709",
"0003019","ADVENTURE SA","Korea, South","Seoul","+82 23 706 5114",,,"gys@hmm21.com","https://www.hmm21.com","Adventure SA","C/O: HMM Co Ltd 108, Yeoui-daero, Yeongdeungpo-gu, Seoul, 07335, South Korea.","0186314",,,,,"108,","Yeoui-daero, Yeongdeungpo-gu",," 07335,","Liberia","Korea, South","KRS","LIB","KRS","20251008","0834896"
"0003036","CHAMP SA","Liberia","Monrovia",,,,,,"Champ SA","80, Broad Street, Monrovia, Liberia.",,,,,,"80,","Broad Street",,,"Liberia","Korea, South","LIB","LIB","KRS","20251008","0834896"
"0003071","DRACO SA","Liberia","Monrovia",,,,,,"Draco SA","80, Broad Street, Monrovia, Liberia.",,,,,,"80,","Broad Street",,,"Liberia","Korea, South","LIB","LIB","KRS","20251008","0834896"
"0003098","WMI SHIPPING LLC","United Arab Emirates","Dubai","+971 4 227 4003",,,"wmishp@gmail.com",,"WMI Shipping LLC","Custom Broker Office 107, Technical Building, Port Rashid, PO Box 24018, Dubai, United Arab Emirates.",,"Custom Broker Office 107,","Technical Building,",,"PO Box 24018,",,"Port Rashid",,,"United Arab Emirates","United Arab Emirates","UAE","UAE","UAE","20250227",
"0000076","GYEONGMAN S","Korea, South","Busan",,,,,,"Shin Gyeongman","Unit 1501, Block 302, GS Heights Xi Apartment, 556, Sinseon-ro, Nam-Gu, Busan, South Korea.",,"Unit 1501,","Block 302,","GS Heights Xi Apartment,",,"556,","Sinseon-ro, Nam-Gu",,,"Korea, South",,"KRS","KRS",,"20240730",
"0000080","OZKAN KOCAVELIOGLU","Turkey","Balikesir",,,,,,"Ozkan Kocavelioglu","Daire 2, 1016 Sokak, Pasakonak Mah, 2, Bandirma, Balikesir, Turkey.",,"Daire 2,",,,,"2,","1016 Sokak, Pasakonak Mah, Bandirma",,,"Turkey",,"TRK","TRK",,"20240806",
"0000093","BIG NINGBO MARITIME CO LTD","Hong Kong, China","Hong Kong",,,,,,"Big Ningbo Maritime Co Ltd","Room 604, 6th Floor, Easey Commercial Building, 253-261, Hennessy Road, Wan Chai, Hong Kong, China. 999077",,"Room 604,","6th Floor,","Easey Commercial Building,",,"253-261,","Hennessy Road, Wan Chai",," 999077,","Hong Kong, China",,"HKG","HKG",,"20241015",
"0000147","PRATT AJ,A,DA&M","United Kingdom","Gillingham, Medway",,,,,,"Alan J, Annette, David A & Michael Pratt","770, Lower Rainham Road, Rainham, Gillingham, ME8 7UB, United Kingdom.",,,,,,"770,","Lower Rainham Road, Rainham",," ME8 7UB,","United Kingdom","United Kingdom","GBI","GBI","GBI","20250818",
"0000151","BRUSH AJ","United Kingdom","Maldon",,,,,,"A J Brush Ltd","Fullbridge, Maldon, CM9 4LE, United Kingdom.",,,,,,,"Fullbridge",," CM9 4LE,","United Kingdom",,"GBI","GBI",,"20240709",
"0000164","MERRIOUS SHIPPING PTE LTD","Singapore","Singapore","+65 6259 1314",,,,,"Merrious Shipping Pte Ltd","05-01, 38, Carpenter Street, Singapore 059917",,"05-01,",,,,"38,","Carpenter Street",," 059917,","Singapore","Singapore","SNG","SNG","SNG","20251204",
"0000204","MURELO MARITIME SA","Greece","Athens","+30 216 002 0010",,,"info@tgmshipping.eu",,"Murelo Maritime SA","C/O: TGM Shipmanagement SA 18, Digeni Street, Voula, 166 73, Athens, Greece.","0121434",,,,,"18,","Digeni Street, Voula","166 73",,"Marshall Islands","Greece","GRC","MAI","GRC","20251008","6309185"
"0000249","KLONDYKE FISHING CO LTD","United Kingdom","Fraserburgh","+44 1346 518461",,,,,"Klondyke Fishing Co Ltd","North Breakwater, Steamboat Quay, Fraserburgh, AB43 9EE, United Kingdom.",,,,,,,"North Breakwater, Steamboat Quay",," AB43 9EE,","United Kingdom","United Kingdom","GBI","GBI","GBI","20251202",
"0000252","RUTLAND A","United Kingdom","Gravesend",,,,,,"A Rutland Ltd","12, Russel Road, Gravesend, DA12 2RT, United Kingdom.",,,,,,"12,","Russel Road",," DA12 2RT,","United Kingdom",,"GBI","GBI",,"20241018",
"0000310","HUANFU SHIPPING LTD","Hong Kong, China","Hong Kong",,,,,,"Huanfu Shipping Ltd","Flat 1512, 15th Floor, Lucky Centre, 165-171, Wan Chai Road, Wan Chai, Hong Kong, China.",,"Flat 1512,","15th Floor,","Lucky Centre,",,"165-171,","Wan Chai Road, Wan Chai",,,"Hong Kong, China",,"HKG","HKG",,"20240709",
"0000368","ZHONGMAO SHIPPING LTD","China, People's Republic of","Fuzhou, Fujian","+86 138 6086 0812",,,,,"Zhongmao Shipping Ltd","Room 1203, Hengfeng Building, 16, Shuguang Zhilu, Taijiang Qu, Fuzhou, Fujian, China.",,"Room 1203,","Hengfeng Building,",,,"16,","Shuguang Zhilu, Taijiang Qu",,,"Hong Kong, China",,"CHR","HKG",,"20240726",
"0000371","BLUESHELL MUSSELS","United Kingdom","Shetland Islands",,,,,,"Blueshell Mussels","Bridge End, Shetland, United Kingdom.",,,,,,,"Bridge End",,,"United Kingdom",,"GBI","GBI",,"20240709",
"0000408","KARUNIA AMAN SEMESTA","Indonesia","Jakarta",,,,,,"PT Karunia Aman Semesta","Lantai 8, Jalan Yos Sudarso 36, Kec Tanjung Priok, Jakarta, Indonesia.",,"Lantai 8,",,,,"36,","Jalan Yos Sudarso  Kec Tanjung Priok",,,"Indonesia",,"IDA","IDA",,"20250310",
"0000425","ABADAN SERVICES UK LTD","United Kingdom","Fareham",,,,,,"Abadan Services (UK) Ltd","11A, Stubbington Green, Fareham, PO14 2JG, United Kingdom.",,,,,,"11A,","Stubbington Green",," PO14 2JG,","United Kingdom",,"GBI","GBI",,"20240709",
"0000442","ABERDEEN HARBOUR","United Kingdom","Aberdeen","+44 1224 597000",,,"info@aberdeen-harbour.co.uk","https://www.aberdeen-harbour.co.uk","Aberdeen Harbour Board","Harbour Office, 16, Regent Quay, Aberdeen, AB11 5SS, United Kingdom.",,"Harbour Office,",,,,"16,","Regent Quay",," AB11 5SS,","United Kingdom","United Kingdom","GBI","GBI","GBI","20240709",
"0000473","NAZIM KILIMOGLU BALIKCILIK TIC","Turkey","Balikesir",,,,,,"Nazim Kilimoglu Balikcilik Tic Ve San Ltd Sti","4/1, Erdek Sokak, Cakil Mah, 19, Balikesir, Turkey.",,"4/1,",,,,"19,","Erdek Sokak, Cakil Mah",,,"Turkey",,"TRK","TRK",,"20240906",
"0000491","EIDESVIK AGALAS AS","Norway","Bomlo","+47 53 44 80 00",,,"office@eidesvik.no","https://www.eidesvik.no","Eidesvik Agalas AS","C/O: Eidesvik AS Vestvikvegen 1, 5443, Bomlo, Norway.","0599110",,,,,"1,","Vestvikvegen","5443",,"Norway",,"NOR","NOR",,"20250508",
"0000500","YINGHUA TRADING CO LTD","China, People's Republic of","Zhangjiagang, Jiangsu","+86 512 5879 9878",,,,,"Yinghua Trading Co Ltd","C/O: Zhangjiagang Changyang Shipping Co Ltd Room 506, 82, Xiangshan Nanlu, Zhangjiagang, Jiangsu, China.","6284115","Room 506,",,,,"82,","Xiangshan Nanlu",,,"Marshall Islands",,"CHR","MAI",,"20241115",
"0000513","SANTA SHIP MANAGEMENT PVT LTD","India","Thiruvananthapuram","+91 98 6701 9500",,,"info@santashipmanagement.com","https://www.santashipmanagement.com","Santa Ship Management Pvt Ltd","TC 86/653(5), 2nd Floor, Sukriti, South Railway Bridge, Chakkai, Thiruvananthapuram, Kerala, 695024, India.",,"TC 86/653(5),","2nd Floor,","Sukriti,",,,"South Railway Bridge, Chakkai",," 695024,","India",,"IND","IND",,"20241126",
"0000632","CL INTEGRITY SHIPPING PTE LTD","Singapore","Singapore","+65 6513 3747",,,"ops@cl-shipping.com","https://www.chinaland-shipping.com","CL Integrity Shipping Pte Ltd","C/O: Chinaland Shipping Pte Ltd 26-14, International Plaza, 10, Anson Road, Singapore 079903","5024181","26-14,","International Plaza,",,,"10,","Anson Road",," 079903,","Singapore",,"SNG","SNG",,"20250422",
"0000677","WESTWARD FISHING CO","United Kingdom","Fraserburgh","+44 1346 514228",,,"office@westwardfishing.co.uk","https://www.westwardfishing.co.uk","Westward Fishing Co","Heritage House, 141, Shore Street, Fraserburgh, AB43 9BP, United Kingdom.",,"Heritage House,",,,,"141,","Shore Street",," AB43 9BP,","United Kingdom","United Kingdom","GBI","GBI","GBI","20250508",
"0000694","CL FRIENDSHIP SHIPPING PTE LTD","Singapore","Singapore","+65 6513 3747",,,"ops@cl-shipping.com","https://www.chinaland-shipping.com","CL Friendship Shipping Pte Ltd","C/O: Chinaland Shipping Pte Ltd 26-14, International Plaza, 10, Anson Road, Singapore 079903","5024181","26-14,","International Plaza,",,,"10,","Anson Road",," 079903,","Singapore",,"SNG","SNG",,"20250422",
"0000721","GREAT WENMING SHIPPING CO LTD","Hong Kong, China","Hong Kong",,,,,,"Great Wenming Shipping Co Ltd","Flat 01A1, 10th Floor, Carnival Commercial Building, 18, Java Road, North Point, Hong Kong, China.",,"Flat 01A1,","10th Floor,","Carnival Commercial Building,",,"18,","Java Road, North Point",,,"Hong Kong, China",,"HKG","HKG",,"20240710",
"0000765","MERT AKKAN","Turkey","Trabzon",,,,,,"Mert Akkan","Kerem Caddesi, Kerem Mah, 65, Trabzon, Turkey.",,,,,,"65,","Kerem Caddesi, Kerem Mah",,,"Turkey",,"TRK","TRK",,"20240709",
"0000779","RIO TINTO ALCAN INC","Canada","Montreal, QC","+1 514 848 8000",,,,"https://www.riotintoalcan.com","Rio Tinto Alcan Inc","1188, rue Sherbrooke O, Montreal QC H3A 3G1, Canada.",,,,,,"1188,","rue Sherbrooke O",," H3A 3G1,","Canada","United Kingdom","CAN","CAN","GBI","20251008","5210411"
"0000819","AYDOGAN KARDESLER BALIKCILIK","Turkey","Terme",,,,,,"Aydogan Kardesler Balikcilik Ticaret ve Sanayi Ltd Sti","Sahil Caddesi, Yali Mah, 40, Terme, Turkey.",,,,,,"40,","Sahil Caddesi, Yali Mah",,,"Turkey",,"TRK","TRK",,"20240806",
"0000884","WEIR A","United Kingdom","Aylesbury","+44 2075 756000",,,"shipman@aws.co.uk","https://www.aws.co.uk","Andrew Weir & Co Ltd","Bridgeways House, Four Acres, Oving, Aylesbury, HP22 4FJ, United Kingdom.",,"Bridgeways House,",,,,,"Four Acres, Oving",," HP22 4FJ,","United Kingdom","United Kingdom","GBI","GBI","GBI","20240709",
"0000938","IAN TAYLOR CHILE SA","Chile","Valparaiso","+56 32 226 1000",,,"chile@iantaylor.com","https://www.empresastaylor.com","Ian Taylor Chile SA","officina 601, piso 6, Calle Blanco 937, Valparaiso, Chile.",,"officina 601,","piso 6,",,,"937,","Calle Blanco",,,"Chile","Chile","CHL","CHL","CHL","20251008","1317907"
"0000941","LECCE SHIPMANAGEMENT INC","Greece","Piraeus",,,,"info@grehel.com",,"Lecce Shipmanagement Inc","C/O: Grehel Shipmanagement Co 5-7, Agiou Spyridonos Street, 185 35, Piraeus, Greece.","6101512",,,,,"5-7,","Agiou Spyridonos Street","185 35",,"Marshall Islands",,"GRC","MAI",,"20240822",
"0001091","PADOVA MARINE CORP","Greece","Piraeus",,,,"info@grehel.com",,"Padova Marine Corp","C/O: Grehel Shipmanagement Co 5-7, Agiou Spyridonos Street, 185 35, Piraeus, Greece.","6101512",,,,,"5-7,","Agiou Spyridonos Street","185 35",,"Marshall Islands","Greece","GRC","MAI","GRC","20251008","6258241"
"0001176","KAMPOS SHIPTRADE LTD","Greece","Piraeus",,,,"info@grehel.com",,"Kampos Shiptrade Ltd","C/O: Grehel Shipmanagement Co 5-7, Agiou Spyridonos Street, 185 35, Piraeus, Greece.","6101512",,,,,"5-7,","Agiou Spyridonos Street","185 35",,"Marshall Islands","Greece","GRC","MAI","GRC","20251008","6258241"
"0001264","P&O NORTH SEA FERRIES LTD","United Kingdom","Dover","+44 8716 642121",,,"customer.services@poferries.com","https://www.poferries.com","P&O North Sea Ferries Ltd","Channel View Road, Dover, CT17 9TJ, United Kingdom.",,,,,,,"Channel View Road",," CT17 9TJ,","United Kingdom","United Arab Emirates","GBI","GBI","UAE","20251008","0671500"
"0001278","SFL CHEMICAL TANKER III INC","Japan","Tokyo","+81 3 5204 1211",,,"ship@bigthree.co.jp",,"SFL Chemical Tanker III Inc","C/O: Nisshin Shipping Co Ltd (Nisshin Kaiun KK) 19th Floor, Nihonbashi 1-chome Building, 4-1, Nihonbashi 1-chome, Chuo-ku, Tokyo, 103-0027, Japan.","0586697","19th Floor,","Nihonbashi 1-chome Building,",,,"4-1,","Nihonbashi 1-chome, Chuo-ku",," 103-0027,","Marshall Islands","Bermuda","JPN","MAI","BER","20251008","5146873"
"0001281","SFL CHEMICAL TANKER IV INC","Japan","Tokyo","+81 3 5204 1211",,,"ship@bigthree.co.jp",,"SFL Chemical Tanker IV Inc","C/O: Nisshin Shipping Co Ltd (Nisshin Kaiun KK) 19th Floor, Nihonbashi 1-chome Building, 4-1, Nihonbashi 1-chome, Chuo-ku, Tokyo, 103-0027, Japan.","0586697","19th Floor,","Nihonbashi 1-chome Building,",,,"4-1,","Nihonbashi 1-chome, Chuo-ku",," 103-0027,","Marshall Islands","Bermuda","JPN","MAI","BER","20251008","5146873"
"0001304","ARAFURA SHIPPING LTD","United Kingdom","London","+44 20 7488 1313",,,,,"Arafura Shipping Ltd","Beagle House, Braham Street, London, E1 8EP, United Kingdom.",,"Beagle House,",,,,,"Braham Street",," E1 8EP,","United Kingdom","Denmark","GBI","GBI","DEN","20251008","0120158"
"0001352","ADARO OCEANWAY LTD","Switzerland","Geneva","+41 22 703 8888",,,"info@msc.com","https://www.mscgva.ch","Adaro Oceanway Ltd","C/O: MSC Mediterranean Shipping Co SA chemin Rieu, 12-14, 1208, Geneva, Switzerland.","0152944",,,,,"12-14,","chemin Rieu","1208",,"Liberia",,"SWZ","LIB",,"20240822",
"0001366","Q43 LTD","United States of America","Fort Lauderdale, FL","+1 954 839 6001",,,"info@reardonyacht.com","https://reardonyacht.com","Q43 Ltd","C/O: Reardon Yacht Consulting LLC 1111, SE 3rd Avenue, Fort Lauderdale FL 33316-1109, USA.","5907342",,,,,"1111,","SE 3rd Avenue",," 33316-1109,","Cayman Islands",,"USA","CAY",,"20251030",
"0001383","ELECTRA HOLDINGS LTD","Cayman Islands","George Town",,,,,,"Electra Holdings Ltd","George Town, Grand Cayman, Cayman Islands.",,,,,,,,,,"Cayman Islands",,"CAY","CAY",,"20240710",
"0001406","BAYLEYWORLD EXPLORATION LTD","Cayman Islands","George Town",,,,,,"Bayleyworld Exploration Ltd","George Town, Grand Cayman, Cayman Islands.",,,,,,,,,,"Cayman Islands",,"CAY","CAY",,"20240710",
"0001441","PARSONS BRP","Canada","Lunenburg, NS",,,,,,"Bruce Robert Patrick Parsons","182, Montague Street, Lunenburg NS B0J 2C0, Canada.",,,,,,"182,","Montague Street",," B0J 2C0,","Canada",,"CAN","CAN",,"20240709",
"0001471","HONWAY SHIPPING CO LTD","Hong Kong, China","Hong Kong",,,,,,"Honway Shipping Co Ltd","Room 705, 7th Floor, Fa Yuen Commercial Building, 77, Fa Yuen Street, Mong Kok, Kowloon, Hong Kong, China.",,"Room 705,","7th Floor,","Fa Yuen Commercial Building,",,"77,","Fa Yuen Street, Mong Kok, Kowloon",,,"Hong Kong, China","China, People's Republic of","HKG","HKG","CHR","20251103",
"0001539","LE GRAND BLEU LTD","Monaco","Monte Carlo","+377 99 906122",,,"info@superyachtpartners.com","https://www.superyachtpartners.com","Le Grand Bleu Ltd","C/O: Superyacht Partners Sarl La Castellara, 9, avenue President J F Kennedy 98000, Monte Carlo, Monaco.","6264537","La Castellara,",,,,"9,","avenue President J F Kennedy","98000",,"Cayman Islands",,"MON","CAY",,"20240925",
"0001556","WEIR SHIPPING LTD","United Kingdom","London","+44 20 7575 6000",,,"fleetman@aws.co.uk","https://www.aws.co.uk","Andrew Weir Shipping Ltd","Dexter House, 2, Royal Mint Court, London, EC3N 4XX, United Kingdom.",,"Dexter House,",,,,"2,","Royal Mint Court",," EC3N 4XX,","United Kingdom","United Kingdom","GBI","GBI","GBI","20240709","0000884"
"0001560","ANDROMEDA SEA LTD","Cayman Islands","George Town",,,,,,"Andromeda Sea Ltd","4th Floor, Anderson Square, Shedden Road, George Town, Grand Cayman, Cayman Islands.",,"4th Floor,","Anderson Square,",,,,"Shedden Road",,,"Cayman Islands",,"CAY","CAY",,"20240722",
"0001573","MARITIMO OFFSHORE RACING","Australia","Coomera, Qld","+61 7 5588 6000",,,,"https://www.maritimo.com.au","Maritimo Offshore Racing Pty Ltd","15, Waterway Drive, Coomera QLD 4209, Australia.",,,,,,"15,","Waterway Drive",," 4209,","Australia",,"AST","AST",,"20240710",
"0001591","BRX SHIP MANAGEMENT FZE","United Arab Emirates","Dubai","+971 54 583 6603",,,"hsse@brxshipping.com","https://www.brxshipping.com/","BRX Ship Management FZE","Office Unit SCB-G2, Dubai Maritime City, Dubai, United Arab Emirates.",,"Office Unit SCB-G2,",,,,,"Dubai Maritime City",,,"United Arab Emirates",,"UAE","UAE",,"20251203",
"0001689","HANTONG NEUBAU GMBH & CO KG","Germany","Hamburg","+49 406 0429 8510",,,,,"Hantong Neubau GmbH & Co KG","Johannisbollwerk 19, 20459, Hamburg, Germany.",,,,,,"19,","Johannisbollwerk","20459",,"Germany","Germany","GEU","GEU","GEU","20251008","0029815"
"0001729","SHIGARAKI SHIPPING LTD","Marshall Islands","Majuro",,,,,,"Shigaraki Shipping Ltd","Trust Company Complex, Ajeltake Road, Ajeltake, Majuro MH 96960, Marshall Islands.",,"Trust Company Complex,",,,,,"Ajeltake Road, Ajeltake",," 96960,","Marshall Islands","Greece","MAI","MAI","GRC","20251203","6091771"
"0001732","TENKAI LTD-SKN","Monaco","Monte Carlo","+377 97 70 24 90",,,"info@arrowyacht.com","https://www.arrowyacht.com","Tenkai Ltd","C/O: SAM Arrow Services Monaco (Arrow Monaco) Le Winch, 21, boulevard Albert 1er, 98000, Monte Carlo, Monaco.","5517442","Le Winch,",,,,"21,","boulevard Albert 1er","98000",,"St Kitts & Nevis",,"MON","SKN",,"20251015",
"0001750","MAAOS HOLDING LTD","United Kingdom","Fareham","+44 1624 653053",,,"yacht-dpa@dohle-yachts.com","https://www.dohle-yachts.com","Maaos Holding Ltd","C/O: Dohle Yachts Ltd 25, Barnes Wallis Road, Fareham, PO15 5TT, United Kingdom.","5251428",,,,,"25,","Barnes Wallis Road",," PO15 5TT,","United Arab Emirates",,"GBI","UAE",,"20240918",
"0001777","AURORA BUSINESS CO LTD","Marshall Islands","Majuro",,,,,,"Aurora Business Co Ltd","Trust Company Complex, Ajeltake Road, Ajeltake, Majuro MH 96960, Marshall Islands.",,"Trust Company Complex,",,,,,"Ajeltake Road, Ajeltake",," 96960,","Marshall Islands",,"MAI","MAI",,"20240801",
"0001781","MATILDA SHIPPING PTE LTD","Singapore","Singapore","+65 6278 6496",,,"mail@norseship.com","https://www.norseship.com","Matilda Shipping Pte Ltd","C/O: Norse Shipholding Pte Ltd 52-02, Republic Plaza, 9, Raffles Place, Singapore 048619","5942262","52-02,","Republic Plaza,",,,"9,","Raffles Place",," 048619,","Singapore","Singapore","SNG","SNG","SNG","20251203","1314880"
"0001882","TANSEVER O & G","Turkey","Erdek",,,,,,"Osman Tansever & Gulay Tansever","IC Kapi 2, Osman Kaptan Apartmani 19, Cakil Sokak 25, Cakil Mah, Erdek, Turkey.",,"IC Kapi 2,","Osman Kaptan Apartmani 19,",,,"25,","Cakil Sokak  Cakil Mah",,,"Turkey",,"TRK","TRK",,"20240801",
"0001905","KOREA TONNAGE NO 109 SHIPPING","Korea, South","Seoul","+82 2 725 7830",,,,,"Korea Tonnage No 109 Shipping Co","C/O: GNS Seoul Co Ltd Jong-no 1-ga, Jongno-gu, Seoul, South Korea.","5777921",,,,,,"Jong-no 1-ga, Jongno-gu",,,"Marshall Islands","Korea, South","KRS","MAI","KRS","20251008","0213133"
"0001922","HK PLENTY MARINE LTD","Hong Kong, China","Hong Kong",,,,,,"HK Plenty Marine Ltd","Room 604, 6th Floor, Easey Commercial Building, 253-261, Hennessy Road, Wan Chai, Hong Kong, China.",,"Room 604,","6th Floor,","Easey Commercial Building,",,"253-261,","Hennessy Road, Wan Chai",,,"Hong Kong, China","China, People's Republic of","HKG","HKG","CHR","20251008","0333966"
"0001953","YANGTZE BONITA SHIPPING LTD","Marshall Islands","Majuro",,,,,,"Yangtze Bonita Shipping Ltd","Trust Company Complex, Ajeltake Road, Ajeltake, Majuro MH 96960, Marshall Islands.",,"Trust Company Complex,",,,,,"Ajeltake Road, Ajeltake",," 96960,","Marshall Islands",,"MAI","MAI",,"20240814",
"0001971","HITECH INFINITY PETROLEUM FZC","United Arab Emirates","Sharjah","+971 6 526 4584",,,,,"Hitech Infinity Petroleum FZC","Office E-15F-15, P1-ELOB, Hamriyah Free Zone, Sharjah, United Arab Emirates.",,"Office E-15F-15,","P1-ELOB,",,,,"Hamriyah Free Zone",,,"United Arab Emirates",,"UAE","UAE",,"20240913",
"0001984","JNS SEA SHIPPING LTD","Hong Kong, China","Hong Kong",,,,,,"JNS Sea Shipping Ltd","21st Floor, Edinburgh Tower, The Landmark, 15, Queen's Road Central, Hong Kong, China. 999077",,"21st Floor,","Edinburgh Tower,","The Landmark,",,"15,","Queen's Road Central",," 999077,","Hong Kong, China",,"HKG","HKG",,"20240801",
"0002024","BLYTH HARBOUR","United Kingdom","Blyth","+44 1670 352066",,,"enquiries@portofblyth.co.uk","https://www.portofblyth.co.uk","Blyth Harbour Commission","79, South Harbour, Blyth, NE24 3PB, United Kingdom.",,,,,,"79,","South Harbour",," NE24 3PB,","United Kingdom","United Kingdom","GBI","GBI","GBI","20240709",
"0002069","NRK GENERAL TRADING LTD","Marshall Islands","Majuro",,,,,,"NRK General Trading Ltd","Trust Company Complex, Ajeltake Road, Ajeltake, Majuro MH 96960, Marshall Islands.",,"Trust Company Complex,",,,,,"Ajeltake Road, Ajeltake",," 96960,","Marshall Islands",,"MAI","MAI",,"20240917",
"0002126","BARGING TRANSPORT SERVICES BV","Netherlands","Zwijndrecht","+31 78 640 4999",,,"bbshipping@gmail.net",,"Barging Transport Services BV","C/O: BB Shipping BV Lindtsedijk 30, 3336 LE, Zwijndrecht, Netherlands.","5889668",,,,,"30,","Lindtsedijk","3336 LE",,"Netherlands",,"NTH","NTH",,"20240730",
"0002130","CYGNUS MARITIME HOLDING LTD","Greece","Athens","+30 210 721 1900",,," operations@velostankers.gr",,"Cygnus Maritime Holding Ltd","2, Ioannou Gennadiou Street, 115 21, Athens, Greece.",,,,,,"2,","Ioannou Gennadiou Street","115 21",,"Marshall Islands","Greece","GRC","MAI","GRC","20251008","6410868"
"0002143","DANACI M, U & B","Turkey","Samsun",,,,,,"Mesut Danaci, Unzile Danaci & Bahtiyar Danaci","Cumhuriyet Sokak, Liman Mah, 42, Yakakent, Samsun, Turkey.",,,,,,"42,","Cumhuriyet Sokak, Liman Mah, Yakakent",,,"Turkey",,"TRK","TRK",,"20240712",
"0002157","DANACI C, M, U & B","Turkey","Samsun",,,,,,"Cetin Danaci, Mesut Danaci, Unzile Danaci & Bahtiyar Danaci","Cumhuriyet Sokak, Liman Mah, 260, Yakakent, Samsun, Turkey.",,,,,,"260,","Cumhuriyet Sokak, Liman Mah, Yakakent",,,"Turkey",,"TRK","TRK",,"20240712",
"0002161","GUNAY M","Turkey","Terme",,,,,,"Mustafa Gunay","Sahil Caddesi, Yali Mah, 6/2, Terme, Turkey.",,,,,,"6/2,","Sahil Caddesi, Yali Mah",,,"Turkey",,"TRK","TRK",,"20240801",
"0002228","BOURNEMOUTH-SWANAGE","United Kingdom","Swanage","+44 1929 450203",,,,"https://www.sandbanksferry.co.uk","The Bournemouth-Swanage Motor Road & Ferry Co Ltd","Ferry Office, Shell Bay, Studland, Swanage, Dorset, BH19 3BA, United Kingdom.",,"Ferry Office,",,,,,"Shell Bay, Studland",," BH19 3BA,","United Kingdom","United Kingdom","GBI","GBI","GBI","20240709",
"0002231","MOONSHINE BIANCA LLC","United States of America","Denver, CO",,,,,,"Moonshine Bianca LLC","Suite 100, 44, Cook Street, Denver CO 80206-5823, USA.",,"Suite 100,",,,,"44,","Cook Street",," 80206-5823,","United States of America",,"USA","USA",,"20240711",
"0002262","MILLIE OPERATING CO LLC","United States of America","Cut Off, LA",,,,,,"Millie Operating Co LLC","16201, E Main Street, Cut Off LA 70345-3804, USA.",,,,,,"16201,","E Main Street",," 70345-3804,","United States of America",,"USA","USA",,"20240711",
"0002276","SPDBFL NO TWO HUNDRED & THREE","Singapore","Singapore","+86 532 8192 9822",,,"marine@seacon.com",,"SPDBFL No Two Hundred & Three (Tianjin) Ship Leasing Co Ltd","C/O: Seacon Ships Management Pte Ltd 14-09, Asia Square Tower 1, 8, Marina View, Singapore 018960","6100545","14-09,","Asia Square Tower 1,",,,"8,","Marina View",," 018960,","China, People's Republic of","China, People's Republic of","SNG","CHR","CHR","20251008","6112790"
"0002293","MAM ATB OWNER LLC","United States of America","New York, NY",,,,,,"MAM ATB Owner LLC","38th Floor, One Bryant Park, 6th Avenue, New York NY USA.",,"38th Floor,","One Bryant Park,",,,,"6th Avenue",,,"United States of America",,"USA","USA",,"20240730",
"0002302","SPDBFL NO TWO HUNDRED & FOUR","China, People's Republic of","Guangzhou, Guangdong","+86 20 3816 1888",,,"customer-care@coscoshipping.com","https://en.spe.coscoshipping.com","SPDBFL No Two Hundred & Four (Tianjin) Ship Leasing Co Ltd","C/O: COSCO Shipping Specialized Carriers Co Ltd Guangzhou Ocean Plaza, 20, Huacheng Dadao, Tianhe Qu, Guangzhou, Guangdong, 510623, China.","5104797","Guangzhou Ocean Plaza,",,,,"20,","Huacheng Dadao, Tianhe Qu",," 510623,","China, People's Republic of","China, People's Republic of","CHR","CHR","CHR","20251008","6112790"
"0002347","JULIA CHERAMIE LLC","United States of America","Larose, LA","+1 985 798 8800",,,,"https://www.cheramiemarine.com","Julia Cheramie LLC","C/O: Cheramie Marine LLC 11603, Highway 308, Larose LA 70373-6013, USA.","5941658",,,,,"11603,","Highway 308",," 70373-6013,","United States of America","United States of America","USA","USA","USA","20251008","5941658"
"0002364","DUKE SHIPHOLDING/ABO SHOTEN","Panama","Panama",,,,,,"Duke Shipholding SA & Abo Shoten Ltd","16th Floor, MMG Tower, Calle 53 Este, Urbanizacion Marbella, Panama City, Panama.",,"16th Floor,","MMG Tower,",,,,"Calle 53 Este, Urbanizacion Marbella",,,"Panama","Japan","PAN","PAN","JPN","20251008","0180831"
"0002418","SHUNFA FISHERY LLC","United States of America","Houston, TX",,,,,,"Shunfa Fishery LLC","Apartment 12004, 8323, Wilcrest Drive, Houston TX 77072-4309, USA.",,"Apartment 12004,",,,,"8323,","Wilcrest Drive",," 77072-4309,","United States of America",,"USA","USA",,"20240711",
"0002449","TRAVIS & NATALIE FISHING LLC","United States of America","New Bedford, MA",,,,,,"Travis & Natalie Fishing LLC","62, Hassey Street, New Bedford MA 02740-7209, USA.",,,,,,"62,","Hassey Street",," 02740-7209,","United States of America",,"USA","USA",,"20250513",
"0002466","BIBBY MARINE LTD","United Kingdom","Liverpool","+44 151 708 8000",,,"enquiries@bibbymarine.com","https://www.bibbymarine.com","Bibby Marine Ltd","3rd Floor, Walker house, Exchange Flags, Liverpool, L2 3YL, United Kingdom.",,"3rd Floor,","Walker house,",,,,"Exchange Flags",," L2 3YL,","United Kingdom","United Kingdom","GBI","GBI","GBI","20251203",
"0002470","PACIFIC EXPLORATIONS HOLDINGS","United States of America","Seattle, WA",,,,,,"Pacific Explorations Holdings LP","Suite 21867, 301, Union Street, Seattle WA 98111-1637, USA.",,"Suite 21867,",,,,"301,","Union Street",," 98111-1637,","United States of America",,"USA","USA",,"20240827",
"0002510","STENA LINE LTD","United Kingdom","Holyhead","+44 1407 606666",,,"info.uk@stenaline.com","https://www.stenaline.com","Stena Line Ltd","Stena House, Station Approach, Holyhead, LL65 1DQ, United Kingdom.",,"Stena House,",,,,,"Station Approach",," LL65 1DQ,","United Kingdom","Sweden","GBI","GBI","SWD","20251210","5927773"
"0002523","AMBER COAST LC","United States of America","Chesapeake City, MD","+1 410 885 5055",,,"personnel@dannmarine.com","https://www.dannmarinetowing.com","M/V Amber Coast LC","C/O: Dann Marine Towing LC 299, Boat Yard Road, Chesapeake City MD 21915-1019, USA.","1727597",,,,,"299,","Boat Yard Road",," 21915-1019,","United States of America",,"USA","USA",,"20240716",
"0002537","CAPTAIN RYAN INC","United States of America","Estero, FL",,,,,,"Captain Ryan Inc","21251, Carter Road, Estero FL 33928-9514, USA.",,,,,,"21251,","Carter Road",," 33928-9514,","United States of America",,"USA","USA",,"20251203",
"0002541","SPDBFL NO TWO HUNDRED & FIVE","China, People's Republic of","Guangzhou, Guangdong","+86 20 3816 1888",,,"customer-care@coscoshipping.com","https://en.spe.coscoshipping.com","SPDBFL No Two Hundred & Five (Tianjin) Ship Leasing Co Ltd","C/O: COSCO Shipping Specialized Carriers Co Ltd Guangzhou Ocean Plaza, 20, Huacheng Dadao, Tianhe Qu, Guangzhou, Guangdong, 510623, China.","5104797","Guangzhou Ocean Plaza,",,,,"20,","Huacheng Dadao, Tianhe Qu",," 510623,","China, People's Republic of","China, People's Republic of","CHR","CHR","CHR","20251008","6112790"
"0002554","SALTY LADY FISHERIES LLC","United States of America","Seward, AK",,,,,,"Salty Lady Fisheries LLC","12328, Camelot Drive, Seward AK USA.",,,,,,"12328,","Camelot Drive",,,"United States of America",,"USA","USA",,"20240711",
"0002568","STAR BULK HELLAS INC","Greece","Athens","+30 210 617 8400",,,"msq@starbulk.com",,"Star Bulk (Hellas) Inc","40, Agiou Konstantinou Street, Marousi, 151 24, Athens, Greece.",,,,,,"40,","Agiou Konstantinou Street, Marousi","151 24",,"Marshall Islands","Greece","GRC","MAI","GRC","20251208","5345110"
"0002571","ASSOCIATED BRITISH PORTS","United Kingdom","London","+44 20 7430 1177",,,"info@abports.co.uk","https://www.abports.co.uk","Associated British Ports Holdings Plc","Aldwych House, 71-91, Aldwych, London, WC2B 4HN, United Kingdom.",,"Aldwych House,",,,,"71-91,","Aldwych",," WC2B 4HN,","United Kingdom","United Kingdom","GBI","GBI","GBI","20251203",
"0002611","UNIPOLAR SHIPPING LTD","Sweden","Skarhamn","+46 456 52265",,,"info@umanshipping.com","https://www.umanshipping.com","Unipolar Shipping Ltd","C/O: Rederi AB Uman Box 68, SE-471 22, Skarhamn, Sweden.","1124357",,,,"Box 68,",,,"SE-471 22",,"Cyprus",,"SWD","CYP",,"20251112",
"0002642","PATRICIA M FISHING LLC","United States of America","New Bedford, MA",,,,,,"Patricia M Fishing LLC","62, Hassey Street, New Bedford MA 02740-7209, USA.",,,,,,"62,","Hassey Street",," 02740-7209,","United States of America",,"USA","USA",,"20251112",
